{"cameraMode":{"drawMode":0,"name":"Shaded","section":"Shading Mode"},"sceneLighting":true,"audioPlay":false,"sceneViewState":{"m_AlwaysRefresh":false,"showFog":true,"showSkybox":true,"showFlares":true,"showImageEffects":false,"showParticleSystems":true,"showVisualEffectGraphs":true,"m_FxEnabled":true},"in2DMode":false,"pivot":{"x":-0.8561742901802063,"y":3.822183132171631,"z":0.5820780396461487},"rotation":{"x":0.43219825625419619,"y":-0.15160177648067475,"z":0.07399101555347443,"w":0.8858938813209534},"size":4.790659427642822,"orthographic":false}