{"cameraMode":{"drawMode":0,"name":"Shaded","section":"Shading Mode"},"sceneLighting":true,"audioPlay":false,"sceneViewState":{"m_AlwaysRefresh":false,"showFog":true,"showSkybox":true,"showFlares":true,"showImageEffects":false,"showParticleSystems":true,"showVisualEffectGraphs":true,"m_FxEnabled":true},"in2DMode":false,"pivot":{"x":3.435260534286499,"y":5.294519424438477,"z":7.954466819763184},"rotation":{"x":0.6372292637825012,"y":-0.0011564489686861635,"z":0.0009557896992191672,"w":0.7706732153892517},"size":32.154083251953128,"orthographic":false}