{"cameraMode":{"drawMode":0,"name":"Shaded","section":"Shading Mode"},"sceneLighting":true,"audioPlay":false,"sceneViewState":{"m_AlwaysRefresh":false,"showFog":true,"showSkybox":false,"showFlares":true,"showImageEffects":true,"showParticleSystems":true,"showVisualEffectGraphs":true,"m_FxEnabled":true},"in2DMode":false,"pivot":{"x":-0.5559501647949219,"y":0.4271073341369629,"z":-14.802999496459961},"rotation":{"x":0.11447037756443024,"y":-0.05510567128658295,"z":0.0063691455870866779,"w":0.991893470287323},"size":2.107593297958374,"orthographic":false}