{"cameraMode":{"drawMode":0,"name":"Shaded","section":"Shading Mode"},"sceneLighting":true,"audioPlay":false,"sceneViewState":{"m_AlwaysRefresh":false,"showFog":false,"showSkybox":true,"showFlares":true,"showImageEffects":false,"showParticleSystems":true,"showVisualEffectGraphs":true,"m_FxEnabled":true},"in2DMode":false,"pivot":{"x":0.2173423320055008,"y":3.3620848655700685,"z":1.7425400018692017},"rotation":{"x":0.684448778629303,"y":0.007654640357941389,"z":-0.0071869827806949619,"w":0.7289865612983704},"size":12.734627723693848,"orthographic":false}