{"cameraMode":{"drawMode":0,"name":"Shaded","section":"Shading Mode"},"sceneLighting":true,"audioPlay":false,"sceneViewState":{"m_AlwaysRefresh":false,"showFog":true,"showSkybox":true,"showFlares":true,"showImageEffects":true,"showParticleSystems":true,"showVisualEffectGraphs":true,"m_FxEnabled":true},"in2DMode":false,"pivot":{"x":0.060716867446899417,"y":0.7424466609954834,"z":-0.49255120754241946},"rotation":{"x":0.30445000529289248,"y":-0.4840724468231201,"z":0.18436312675476075,"w":0.7993741035461426},"size":2.6691935062408449,"orthographic":false}