{"cameraMode":{"drawMode":0,"name":"Shaded","section":"Shading Mode"},"sceneLighting":true,"audioPlay":false,"sceneViewState":{"m_AlwaysRefresh":false,"showFog":true,"showSkybox":false,"showFlares":true,"showImageEffects":true,"showParticleSystems":true,"showVisualEffectGraphs":true,"m_FxEnabled":true},"in2DMode":false,"pivot":{"x":-0.5559501647949219,"y":0.4271073341369629,"z":-14.802999496459961},"rotation":{"x":0.17719241976737977,"y":-0.5923375487327576,"z":0.13557113707065583,"w":0.7741853594779968},"size":4.9554619789123539,"orthographic":false}