{"cameraMode":{"drawMode":0,"name":"Shaded","section":"Shading Mode"},"sceneLighting":true,"audioPlay":false,"sceneViewState":{"m_AlwaysRefresh":false,"showFog":true,"showSkybox":false,"showFlares":true,"showImageEffects":true,"showParticleSystems":true,"showVisualEffectGraphs":true,"m_FxEnabled":true},"in2DMode":false,"pivot":{"x":-0.5559501647949219,"y":0.4271073341369629,"z":-14.802999496459961},"rotation":{"x":0.2910235822200775,"y":-0.035007644444704059,"z":0.010656481608748436,"w":0.9560170769691467},"size":6.8400702476501469,"orthographic":false}